TeamID,"Team Name","ottoneu ID","FG MajorLeagueID","FG MinorLeagueID",Name,"MLB Team",Position(s),Salary
560,"Northern Pikes 2.0 ğŸ›¶",5680,5361,sa390291,"Freddie Freeman",LAD,1B,$22
560,"Northern Pikes 2.0 ğŸ›¶",33682,22250,sa3008598,"Logan Gilbert",SEA,SP,$22
560,"Northern Pikes 2.0 ğŸ›¶",36671,25436,sa3011526,"George Kirby",SEA,SP,$21
560,"Northern Pikes 2.0 ğŸ›¶",18113,12768,sa455516,"Sonny Gray",BOS,SP,$19
560,"Northern Pikes 2.0 ğŸ›¶",18126,12927,sa597760,"Brandon Nimmo",TEX,OF,$18
560,"Northern Pikes 2.0 ğŸ›¶",23825,19326,sa873683,"Bryan Reynolds",PIT,OF,$18
560,"Northern Pikes 2.0 ğŸ›¶",23651,13066,sa596861,"Teoscar Hernandez",LAD,OF,$18
560,"Northern Pikes 2.0 ğŸ›¶",48239,,sa3063134,"Kazuma Okamoto","TOR ST",1B/3B,$15
560,"Northern Pikes 2.0 ğŸ›¶",35196,21390,sa3007584,"Joe Ryan",MIN,SP,$14
560,"Northern Pikes 2.0 ğŸ›¶",40550,29837,sa3017414,"Bryce Miller",SEA,SP,$13
560,"Northern Pikes 2.0 ğŸ›¶",42156,31347,sa3019855,"Zach Neto",LAA,SS,$13
560,"Northern Pikes 2.0 ğŸ›¶",21708,17338,sa830274,"Willi Castro",COL,2B/3B/OF,$11
560,"Northern Pikes 2.0 ğŸ›¶",18364,17432,sa709602,"Jeff Hoffman",TOR,RP,$11
560,"Northern Pikes 2.0 ğŸ›¶",36030,26517,sa3008745,"Noelvi Marte",CIN,3B/OF,$10
560,"Northern Pikes 2.0 ğŸ›¶",35205,20423,sa3007594,"Ryan Walker",SFG,RP,$10
560,"Northern Pikes 2.0 ğŸ›¶",48240,,sa3063258,"Munetaka Murakami","CHW ST",3B,$10
560,"Northern Pikes 2.0 ğŸ›¶",34788,22542,sa3006873,"Lawrence Butler",ATH,OF,$10
560,"Northern Pikes 2.0 ğŸ›¶",20421,17897,sa827423,"Garrett Cleavinger",TBR,RP,$10
560,"Northern Pikes 2.0 ğŸ›¶",40371,29695,sa3017154,"Matt McLain",CIN,2B,$9
560,"Northern Pikes 2.0 ğŸ›¶",42737,31846,sa3020703,"Spencer Schwellenbach",ATL,SP,$9
560,"Northern Pikes 2.0 ğŸ›¶",22651,18138,sa874172,"Ryan Helsley",BAL,RP,$9
560,"Northern Pikes 2.0 ğŸ›¶",18644,15362,sa709024,"Jeff Mcneil",ATH,2B/OF,$8
560,"Northern Pikes 2.0 ğŸ›¶",18257,15873,sa709610,"Sean Manaea",NYM,SP,$7
560,"Northern Pikes 2.0 ğŸ›¶",18465,15440,sa621603,"Matthew Boyd",CHC,SP,$7
560,"Northern Pikes 2.0 ğŸ›¶",35628,24064,sa3008239,"Ezequiel Tovar",COL,SS,$7
560,"Northern Pikes 2.0 ğŸ›¶",33325,21690,sa920423,"Edward Cabrera",CHC,SP,$7
560,"Northern Pikes 2.0 ğŸ›¶",37174,26466,sa918808,"Matt Wallner",MIN,OF,$6
560,"Northern Pikes 2.0 ğŸ›¶",27208,22210,sa3005339,"Jeremiah Estrada",SDP,RP,$6
560,"Northern Pikes 2.0 ğŸ›¶",23833,19918,sa3002838,"Daulton Varsho",TOR,OF,$6
560,"Northern Pikes 2.0 ğŸ›¶",40262,29712,sa3017170,"Colson Montgomery",CHW,SS/3B,$6
560,"Northern Pikes 2.0 ğŸ›¶",13117,12161,sa550735,"Xander Bogaerts",SDP,SS,$5
560,"Northern Pikes 2.0 ğŸ›¶",8626,7304,sa392995,"Salvador Perez",KCR,C/1B,$5
560,"Northern Pikes 2.0 ğŸ›¶",33395,20539,sa921576,"Edwin Uceta",TBR,RP,$4
560,"Northern Pikes 2.0 ğŸ›¶",18462,12970,sa597766,"Joe Musgrove",SDP,RP,$3
560,"Northern Pikes 2.0 ğŸ›¶",23613,14542,sa598491,"Carlos Estevez",KCR,RP,$3
560,"Northern Pikes 2.0 ğŸ›¶",37234,25756,sa3010616,"Matt Brash",SEA,RP,$3
560,"Northern Pikes 2.0 ğŸ›¶",36803,25479,sa3009965,"Brenton Doyle",COL,OF,$2
560,"Northern Pikes 2.0 ğŸ›¶",46358,,sa3067131,"Ryan Sloan","SEA ST",SP,$2
560,"Northern Pikes 2.0 ğŸ›¶",47553,,sa3026056,"Kade Anderson",,Util,$2
560,"Northern Pikes 2.0 ğŸ›¶",33652,24618,sa3007051,"Ryan Jeffers",MIN,C,$1
560,"Northern Pikes 2.0 ğŸ›¶",44639,,sa3023515,"Brody Hopkins","TBR ST",SP,$1
562,"The Art of Pitching",23327,18401,sa877503,"Ronald AcuÃ±a Jr.",ATL,OF,$46
562,"The Art of Pitching",37182,25878,sa3010593,"Corbin Carroll",ARI,OF,$42
562,"The Art of Pitching",35204,22267,sa3007593,"Tarik Skubal",DET,SP,$40
562,"The Art of Pitching",18479,17919,sa827194,"Ian Happ",CHC,OF,$18
562,"The Art of Pitching",18359,16137,sa598286,"Carlos Rodon",NYY,SP,$15
562,"The Art of Pitching",37300,25961,sa3010689,"Kerry Carpenter",DET,OF,$14
562,"The Art of Pitching",22048,17548,sa858832,"Taylor Ward",BAL,OF,$12
562,"The Art of Pitching",18378,16505,sa828672,"Matt Chapman",SFG,3B,$11
562,"The Art of Pitching",32009,22100,sa916702,"Jose Soriano",LAA,SP,$11
562,"The Art of Pitching",35808,24968,sa3008513,"Reese Olson",DET,SP,$10
562,"The Art of Pitching",23732,15689,sa657487,"Luis Castillo",SEA,SP,$10
562,"The Art of Pitching",44003,33266,sa3022538,"Jacob Wilson",ATH,SS,$10
562,"The Art of Pitching",14941,11486,sa549085,"Robbie Ray",SFG,SP,$9
562,"The Art of Pitching",26446,19769,sa3004101,"Will Vest",DET,RP,$8
562,"The Art of Pitching",35939,21636,sa876320,"Jeremy Pena",HOU,SS,$7
562,"The Art of Pitching",42169,31370,sa3019868,"Jakob Marsee",MIA,OF,$7
562,"The Art of Pitching",38374,27899,sa3014474,"Colt Keith",DET,1B/2B/3B,$7
562,"The Art of Pitching",33609,21618,sa3007284,"Alec Bohm",PHI,1B/3B,$7
562,"The Art of Pitching",20920,17479,sa828681,"Jack Flaherty",DET,SP,$7
562,"The Art of Pitching",6130,10324,sa503013,"Marcell Ozuna",PIT,Util,$6
562,"The Art of Pitching",33612,24492,sa3008130,"Grayson Rodriguez",LAA,RP,$6
562,"The Art of Pitching",40398,29646,sa3017183,"Caleb Durbin",BOS,2B/3B,$6
562,"The Art of Pitching",2916,3096,sa295200,"Kenley Jansen",DET,RP,$6
562,"The Art of Pitching",38320,27465,sa3014504,"Spencer Torkelson",DET,1B,$6
562,"The Art of Pitching",26531,20348,sa3004210,"Riley O'Brien",STL,RP,$5
562,"The Art of Pitching",33616,20492,sa3008444,"Casey Mize",DET,SP,$5
562,"The Art of Pitching",22331,19913,sa872787,"Jesus Sanchez",TOR,OF,$5
562,"The Art of Pitching",42712,31807,sa3020652,"Troy Melton",DET,SP/RP,$4
562,"The Art of Pitching",26134,22664,sa3003226,"Gabriel Moreno",ARI,C,$4
562,"The Art of Pitching",33147,19392,sa918920,"Zach McKinstry",DET,SS/3B/OF,$4
562,"The Art of Pitching",31984,23363,sa915840,"Robert Garcia",TEX,RP,$4
562,"The Art of Pitching",31958,20352,sa915732,"Ernie Clement",TOR,1B/2B/SS/3B,$4
562,"The Art of Pitching",19422,16358,sa737914,"Tyler Mahle",SFG,SP,$4
562,"The Art of Pitching",38308,27464,sa3014528,"Dillon Dingler",DET,C,$3
562,"The Art of Pitching",18985,17878,sa737018,"Dennis Santana",PIT,RP,$3
562,"The Art of Pitching",23790,13649,sa598167,"Clay Holmes",NYM,SP,$3
562,"The Art of Pitching",40097,30203,sa3018054,"Jackson Jobe",DET,SP,$2
562,"The Art of Pitching",39065,,sa3015489,"Antwone Kelly","PIT ST",SP,$2
562,"The Art of Pitching",26915,23401,sa3004817,"Jose Caballero",NYY,2B/SS/3B/OF,$2
562,"The Art of Pitching",23856,14551,sa659463,"Anthony Santander",TOR,OF,$1
562,"The Art of Pitching",46221,,sa3034986,"Gage Jump","ATH ST",SP,$1
596,"WAR Horse ğŸ¦„",18312,15640,sa549847,"Aaron Judge",NYY,OF,$80
596,"WAR Horse ğŸ¦„",44525,33825,sa3023345,"Yoshinobu Yamamoto",LAD,SP,$40
596,"WAR Horse ğŸ¦„",18216,13624,sa657913,"Corey Seager",TEX,SS,$38
596,"WAR Horse ğŸ¦„",43894,33677,sa3023079,"Paul Skenes",PIT,SP,$36
596,"WAR Horse ğŸ¦„",48241,,sa3062955,"Tatsuya Imai","HOU ST",SP,$13
596,"WAR Horse ğŸ¦„",40714,29995,sa3017698,"Daylen Lile",WSN,OF,$13
596,"WAR Horse ğŸ¦„",5201,4949,sa390316,"Giancarlo Stanton",NYY,OF,$12
596,"WAR Horse ğŸ¦„",12398,11609,sa508176,"Willson Contreras",BOS,1B,$12
596,"WAR Horse ğŸ¦„",18255,13301,sa503373,"Max Muncy",LAD,3B,$11
596,"WAR Horse ğŸ¦„",33259,20373,sa919548,"Andres Munoz",SEA,RP,$11
596,"WAR Horse ğŸ¦„",44544,33927,sa3023634,"Grant Taylor",CHW,SP/RP,$9
596,"WAR Horse ğŸ¦„",39978,29591,sa3017018,"Colton Cowser",BAL,OF,$9
596,"WAR Horse ğŸ¦„",40505,29478,sa3017339,"Carter Jensen",KCR,C,$8
596,"WAR Horse ğŸ¦„",9668,12552,sa505033,"Eugenio Suarez",CIN,3B,$8
596,"WAR Horse ğŸ¦„",38367,27496,sa3014465,"Owen Caissie",MIA,OF,$7
596,"WAR Horse ğŸ¦„",18263,12533,sa546772,"Marcus Semien",NYM,2B,$7
596,"WAR Horse ğŸ¦„",18116,13125,sa454389,"Gerrit Cole",NYY,RP,$6
596,"WAR Horse ğŸ¦„",40829,30091,sa3017880,"Andrew Painter","PHI ST",SP,$6
596,"WAR Horse ğŸ¦„",35776,23793,sa3008470,"Braxton Ashcraft",PIT,SP/RP,$6
596,"WAR Horse ğŸ¦„",38350,27534,sa3014445,"Edouard Julien",COL,1B/2B,$5
596,"WAR Horse ğŸ¦„",40607,29911,sa3017529,"Andrew Abbott",CIN,SP,$5
596,"WAR Horse ğŸ¦„",42765,31986,sa3020748,"Parker Messick",CLE,SP,$5
596,"WAR Horse ğŸ¦„",18153,12564,sa597765,"Trevor Story",BOS,SS,$4
596,"WAR Horse ğŸ¦„",23656,19360,sa872722,"Lucas Erceg",KCR,RP,$4
596,"WAR Horse ğŸ¦„",27207,22581,sa3005337,"Alejandro Kirk",TOR,C,$4
596,"WAR Horse ğŸ¦„",21200,17128,sa829185,"Ramon Laureano",SDP,OF,$4
596,"WAR Horse ğŸ¦„",44975,,sa3023944,"Edward Florentino","PIT ST",OF,$4
596,"WAR Horse ğŸ¦„",42312,31475,sa3020080,"Logan Henderson",MIL,SP,$4
596,"WAR Horse ğŸ¦„",41160,,sa3018409,"Lazaro Montes","SEA ST",OF,$3
596,"WAR Horse ğŸ¦„",23868,20202,sa917944,"Brandon Marsh",PHI,OF,$3
596,"WAR Horse ğŸ¦„",26570,19608,sa3004268,"Otto Lopez",MIA,2B/SS,$3
596,"WAR Horse ğŸ¦„",37536,26438,sa1115890,"Dominic Canzone",SEA,OF,$3
596,"WAR Horse ğŸ¦„",43129,,sa3021208,"Eduardo Quintero","LAD A+",OF,$2
596,"WAR Horse ğŸ¦„",37091,26477,sa1115496,"Spencer Horwitz",PIT,1B,$2
596,"WAR Horse ğŸ¦„",42988,,sa3021066,"Alfredo Duno","CIN A",C,$2
596,"WAR Horse ğŸ¦„",32576,19955,sa917933,"Gavin Lux",TBR,2B/3B/OF,$2
596,"WAR Horse ğŸ¦„",18135,13594,sa597792,"Robert Stephenson",LAA,RP,$2
596,"WAR Horse ğŸ¦„",43895,33876,sa3023360,"Rhett Lowder",CIN,SP/RP,$2
596,"WAR Horse ğŸ¦„",35742,24494,sa3008423,"Simeon Woods Richardson",MIN,SP,$1
596,"WAR Horse ğŸ¦„",48019,,sa3069080,"Dax Kilby","NYY A",Util,$1
759,"ğŸ‰ğŸ†The Kraken DeepğŸ†ğŸ‰",40927,30116,sa3018052,"Seiya Suzuki",CHC,OF,$35
759,"ğŸ‰ğŸ†The Kraken DeepğŸ†ğŸ‰",6305,10155,sa500736,"Mike Trout",LAA,OF,$28
759,"ğŸ‰ğŸ†The Kraken DeepğŸ†ğŸ‰",36338,26668,sa3009289,"Elly De La Cruz",CIN,SS,$28
759,"ğŸ‰ğŸ†The Kraken DeepğŸ†ğŸ‰",18236,14374,sa597835,"Tyler Glasnow",LAD,SP,$25
759,"ğŸ‰ğŸ†The Kraken DeepğŸ†ğŸ‰",44526,33829,sa3023346,"Shota Imanaga",CHC,SP,$22
759,"ğŸ‰ğŸ†The Kraken DeepğŸ†ğŸ‰",38736,27498,sa3015059,"Spencer Strider",ATL,SP,$19
759,"ğŸ‰ğŸ†The Kraken DeepğŸ†ğŸ‰",31751,19853,sa874220,"Michael King",SDP,SP,$19
759,"ğŸ‰ğŸ†The Kraken DeepğŸ†ğŸ‰",23762,20454,sa919327,"Jazz Chisholm Jr.",NYY,2B/3B,$18
759,"ğŸ‰ğŸ†The Kraken DeepğŸ†ğŸ‰",23824,22182,sa3005315,"Hunter Greene",CIN,SP,$15
759,"ğŸ‰ğŸ†The Kraken DeepğŸ†ğŸ‰",23831,20036,sa920275,"Isaac Paredes",HOU,3B,$13
759,"ğŸ‰ğŸ†The Kraken DeepğŸ†ğŸ‰",36686,26378,sa917947,"Nick Lodolo",CIN,SP,$12
759,"ğŸ‰ğŸ†The Kraken DeepğŸ†ğŸ‰",46091,35323,sa3025686,"Roki Sasaki",LAD,SP,$12
759,"ğŸ‰ğŸ†The Kraken DeepğŸ†ğŸ‰",23780,20043,sa3003396,"Luis Robert Jr.",NYM,OF,$11
759,"ğŸ‰ğŸ†The Kraken DeepğŸ†ğŸ‰",38388,27467,sa3014489,"Tyler Soderstrom",ATH,1B/OF,$11
759,"ğŸ‰ğŸ†The Kraken DeepğŸ†ğŸ‰",40260,29976,sa3017662,"Jordan Lawlar",ARI,2B/SS/3B,$10
759,"ğŸ‰ğŸ†The Kraken DeepğŸ†ğŸ‰",40255,29576,sa3016974,"Ben Rice",NYY,C/1B,$8
759,"ğŸ‰ğŸ†The Kraken DeepğŸ†ğŸ‰",36325,26546,sa3009276,"Agustin Ramirez",MIA,C,$7
759,"ğŸ‰ğŸ†The Kraken DeepğŸ†ğŸ‰",44057,33321,sa3022614,"Luke Keaschall",MIN,2B,$7
759,"ğŸ‰ğŸ†The Kraken DeepğŸ†ğŸ‰",42277,31431,sa3019981,"Jordan Beck",COL,OF,$7
759,"ğŸ‰ğŸ†The Kraken DeepğŸ†ğŸ‰",23373,21052,sa877821,"Luis Gil",NYY,SP,$7
759,"ğŸ‰ğŸ†The Kraken DeepğŸ†ğŸ‰",33607,22286,sa3005423,"Trevor Rogers",BAL,SP,$7
759,"ğŸ‰ğŸ†The Kraken DeepğŸ†ğŸ‰",21039,17312,sa828960,"Justin Steele",CHC,RP,$6
759,"ğŸ‰ğŸ†The Kraken DeepğŸ†ğŸ‰",13702,10815,sa549315,"Jurickson Profar",ATL,OF,$6
759,"ğŸ‰ğŸ†The Kraken DeepğŸ†ğŸ‰",33672,23550,sa3007225,"Aaron Ashby",MIL,RP,$6
759,"ğŸ‰ğŸ†The Kraken DeepğŸ†ğŸ‰",43988,,sa3022894,"Walker Jenkins","MIN ST",OF,$5
759,"ğŸ‰ğŸ†The Kraken DeepğŸ†ğŸ‰",42991,,sa3021069,"Sebastian Walcott","TEX ST",SS,$5
759,"ğŸ‰ğŸ†The Kraken DeepğŸ†ğŸ‰",39285,28820,sa3015713,"Moises Ballesteros",CHC,C,$5
759,"ğŸ‰ğŸ†The Kraken DeepğŸ†ğŸ‰",27185,20191,sa3005306,"Garrett Whitlock",BOS,RP,$5
759,"ğŸ‰ğŸ†The Kraken DeepğŸ†ğŸ‰",8550,7048,sa389855,"Fernando Cruz",NYY,RP,$4
759,"ğŸ‰ğŸ†The Kraken DeepğŸ†ğŸ‰",31541,20302,sa829588,"David Peterson",NYM,SP,$4
759,"ğŸ‰ğŸ†The Kraken DeepğŸ†ğŸ‰",34602,21562,sa3006652,"Romy Gonzalez",BOS,1B/2B,$4
759,"ğŸ‰ğŸ†The Kraken DeepğŸ†ğŸ‰",37635,28080,sa3014696,"Jasson Dominguez",NYY,OF,$4
759,"ğŸ‰ğŸ†The Kraken DeepğŸ†ğŸ‰",40870,30107,sa3017948,"Christian Scott",NYM,RP,$4
759,"ğŸ‰ğŸ†The Kraken DeepğŸ†ğŸ‰",40476,29812,sa3017310,"Robert Gasser",MIL,SP/RP,$3
759,"ğŸ‰ğŸ†The Kraken DeepğŸ†ğŸ‰",40308,29629,sa3017070,"Matt Svanson",STL,RP,$3
759,"ğŸ‰ğŸ†The Kraken DeepğŸ†ğŸ‰",38389,27790,sa3014490,"Evan Carter",TEX,OF,$3
759,"ğŸ‰ğŸ†The Kraken DeepğŸ†ğŸ‰",44554,,sa3023407,"Quinn Mathews","STL ST",SP,$2
759,"ğŸ‰ğŸ†The Kraken DeepğŸ†ğŸ‰",38325,27555,sa3014438,"Garrett Mitchell",MIL,OF,$1
759,"ğŸ‰ğŸ†The Kraken DeepğŸ†ğŸ‰",32611,19716,sa917992,"Dustin May",STL,SP,$1
759,"ğŸ‰ğŸ†The Kraken DeepğŸ†ğŸ‰",18389,13419,sa503826,"Christian Walker",HOU,1B,$1
772,CaNtZ,33600,19755,,"Shohei Ohtani",LAD,Util/SP,$95
772,CaNtZ,18347,16478,sa709545,"Kyle Schwarber",PHI,OF,$46
772,CaNtZ,23793,19627,sa3003172,"Brent Rooker",ATH,OF,$25
772,CaNtZ,23625,21846,sa917938,"Cole Ragans",KCR,SP,$23
772,CaNtZ,15962,10310,sa500722,"Zack Wheeler",PHI,SP,$23
772,CaNtZ,18480,17678,sa659419,"Alex Bregman",CHC,3B,$23
772,CaNtZ,18160,14162,sa657850,"Carlos Correa",HOU,SS/3B,$18
772,CaNtZ,22559,21029,sa873347,"Jhoan Duran",PHI,RP,$17
772,CaNtZ,32291,21711,sa917318,"Oneil Cruz",PIT,OF,$16
772,CaNtZ,43950,33541,sa3022882,"Dylan Crews",WSN,OF,$14
772,CaNtZ,33217,21837,sa919293,"Jonathan Aranda",TBR,1B,$8
772,CaNtZ,42711,31623,sa3020644,"Jacob Misiorowski",MIL,SP,$8
772,CaNtZ,40564,29868,sa3017428,"Bubba Chandler",PIT,SP/RP,$7
772,CaNtZ,33634,22186,sa3008294,"Brice Turang",MIL,2B,$6
772,CaNtZ,20732,18684,sa828383,"Sandy Alcantara",MIA,SP,$6
772,CaNtZ,42221,31539,sa3019920,"Drake Baldwin",ATL,C,$5
772,CaNtZ,23745,19287,sa908695,"Adolis GarcÃ­a",PHI,OF,$4
772,CaNtZ,43949,33549,sa3022886,"Kyle Teel",CHW,C,$4
772,CaNtZ,18422,17130,sa830702,"Raisel Iglesias",ATL,RP,$4
772,CaNtZ,40095,29668,sa3017114,"Marcelo Mayer",BOS,2B/SS/3B,$4
772,CaNtZ,37181,26123,sa3010869,"Brett Baty",NYM,2B/3B,$4
772,CaNtZ,38313,27770,sa3014516,"Zac Veen",COL,OF,$3
772,CaNtZ,45720,35041,sa3025245,"Jac Caglianone",KCR,1B/OF,$3
772,CaNtZ,45713,,sa3025154,"JJ Wetherholt","STL ST",2B/SS,$3
772,CaNtZ,44114,,sa3022703,"Zyhir Hope","LAD ST",OF,$2
772,CaNtZ,45721,,sa3025544,"Hagen Smith","CHW ST",SP,$2
772,CaNtZ,45739,,sa3038253,"Braden Montgomery","CHW ST",OF,$2
772,CaNtZ,45990,,sa3028930,"Jurrangelo Cijntje","STL ST",SP,$2
772,CaNtZ,29992,17780,sa656049,"Jose Alvarado",PHI,RP,$2
772,CaNtZ,36048,26548,sa3008765,"Luisangel Acuna",CHW,2B,$2
772,CaNtZ,23805,19363,sa874219,"Austin Hays",CHW,OF,$2
772,CaNtZ,18283,15507,sa737510,"Hunter Harvey",CHC,RP,$1
772,CaNtZ,19378,15734,sa737865,"Brad Keller",PHI,RP,$1
772,CaNtZ,19904,15541,sa739036,"Tyler Rogers",TOR,RP,$1
772,CaNtZ,15261,8700,sa277705,"Justin Verlander",DET,SP,$1
772,CaNtZ,41335,,sa3018584,"Josue Briceno","DET ST",C/1B,$1
772,CaNtZ,34389,23974,sa3006366,"Randy Rodriguez",SFG,RP,$1
772,CaNtZ,43911,33174,sa3022409,"Hunter Barco",PIT,SP/RP,$1
772,CaNtZ,42873,,sa3020949,"Noah Schultz","CHW ST",SP,$1
772,CaNtZ,42283,31661,sa3019988,"Jacob Melton",TBR,OF,$1
772,CaNtZ,34103,24094,sa3005835,"Ronny Henriquez",MIA,RP,$1
772,CaNtZ,18171,14078,sa621625,"Michael Wacha",KCR,SP,$1
948,"Cow Ripkens ğŸ„",37806,26289,sa3011484,"Gunnar Henderson",BAL,SS,$43
948,"Cow Ripkens ğŸ„",18122,12916,sa597754,"Francisco Lindor",NYM,SS,$38
948,"Cow Ripkens ğŸ„",36509,25976,sa3010694,"Riley Greene",DET,OF,$21
948,"Cow Ripkens ğŸ„",19328,15998,sa737794,"Cody Bellinger",NYY,OF,$21
948,"Cow Ripkens ğŸ„",18196,14107,sa548347,"Kevin Gausman",TOR,SP,$19
948,"Cow Ripkens ğŸ„",23840,19290,sa914549,"Randy Arozarena",SEA,OF,$18
948,"Cow Ripkens ğŸ„",33685,24617,sa3006786,"Jarren Duran",BOS,OF,$18
948,"Cow Ripkens ğŸ„",20975,20778,sa828749,"Cristopher Sanchez",PHI,SP,$17
948,"Cow Ripkens ğŸ„",22391,20503,sa872847,"William Contreras",MIL,C,$13
948,"Cow Ripkens ğŸ„",23741,19959,sa917981,"Jesus Luzardo",PHI,SP,$12
948,"Cow Ripkens ğŸ„",37841,26319,sa3011540,"Michael Busch",CHC,1B,$12
948,"Cow Ripkens ğŸ„",23788,19522,sa943754,"TJ Friedl",CIN,OF,$10
948,"Cow Ripkens ğŸ„",31741,18882,sa874181,"Brandon Lowe",PIT,2B,$10
948,"Cow Ripkens ğŸ„",33627,21479,sa3007867,"Nico Hoerner",CHC,2B,$10
948,"Cow Ripkens ğŸ„",40508,29794,sa3017342,"Kyle Manzardo",CLE,1B,$9
948,"Cow Ripkens ğŸ„",34804,20178,sa3006896,"Miguel Vargas",CHW,1B/3B,$8
948,"Cow Ripkens ğŸ„",37649,26221,sa3011244,"Ryan Pepiot",TBR,SP,$8
948,"Cow Ripkens ğŸ„",40972,30182,sa3018149,"Will Warren",NYY,SP,$8
948,"Cow Ripkens ğŸ„",40978,30134,sa3018170,"Tanner Bibee",CLE,SP,$7
948,"Cow Ripkens ğŸ„",21156,16442,sa829141,"Ryan O'Hearn",PIT,1B/OF,$7
948,"Cow Ripkens ğŸ„",19296,15711,sa737633,"Tyler O'Neill",BAL,OF,$7
948,"Cow Ripkens ğŸ„",40941,30122,sa3018106,"Gavin Williams",CLE,SP,$6
948,"Cow Ripkens ğŸ„",42146,31595,sa3019973,"Brooks Lee",MIN,2B/SS/3B,$6
948,"Cow Ripkens ğŸ„",22078,30115,sa869798,"Robert Suarez",ATL,RP,$6
948,"Cow Ripkens ğŸ„",36682,25977,sa3011297,"Quinn Priester",MIL,SP/RP,$6
948,"Cow Ripkens ğŸ„",40389,29715,sa3017173,"Hunter Goodman",COL,C,$5
948,"Cow Ripkens ğŸ„",37960,26396,sa3011703,"Josh Smith",TEX,1B/SS/3B/OF,$5
948,"Cow Ripkens ğŸ„",26154,22715,sa3003246,"Maikel Garcia",KCR,2B/SS/3B/OF,$5
948,"Cow Ripkens ğŸ„",18506,18314,sa659260,"Dansby Swanson",CHC,SS,$5
948,"Cow Ripkens ğŸ„",37826,26253,sa3011524,"Ryne Nelson",ARI,SP/RP,$4
948,"Cow Ripkens ğŸ„",40937,30184,sa3018097,"Noah Cameron",KCR,SP,$4
948,"Cow Ripkens ğŸ„",27148,23335,sa3005246,"Joey Cantillo",CLE,SP/RP,$3
948,"Cow Ripkens ğŸ„",40552,29839,sa3017416,"Emmet Sheehan",LAD,SP,$3
948,"Cow Ripkens ğŸ„",38409,27932,sa3014512,"Ian Seymour",TBR,SP/RP,$3
948,"Cow Ripkens ğŸ„",37239,25636,sa3010621,"Hunter Gaddis",CLE,RP,$2
948,"Cow Ripkens ğŸ„",23691,13799,sa658557,"Matt Strahm",KCR,RP,$2
948,"Cow Ripkens ğŸ„",22694,17606,sa874816,"Cristian Javier",HOU,SP,$1
948,"Cow Ripkens ğŸ„",38428,27494,sa3014536,"Clayton Beeter",WSN,RP,$1
948,"Cow Ripkens ğŸ„",37919,26260,sa3011652,"Drey Jameson",ARI,RP,$1
948,"Cow Ripkens ğŸ„",36738,25477,sa3009884,"Isaac Collins",KCR,OF,$1
990,"â€¼ï¸ NEW ACHIEVEMENT â€¼ï¸",23682,19709,sa919910,"Fernando Tatis Jr.",SDP,OF,$54
990,"â€¼ï¸ NEW ACHIEVEMENT â€¼ï¸",36668,25764,sa3011225,"Bobby Witt Jr.",KCR,SS,$51
990,"â€¼ï¸ NEW ACHIEVEMENT â€¼ï¸",33625,23697,sa3005720,"Julio Rodriguez",SEA,OF,$41
990,"â€¼ï¸ NEW ACHIEVEMENT â€¼ï¸",18164,13743,sa657860,"Max Fried",NYY,SP,$28
990,"â€¼ï¸ NEW ACHIEVEMENT â€¼ï¸",18163,14161,sa657851,"Byron Buxton",MIN,OF,$23
990,"â€¼ï¸ NEW ACHIEVEMENT â€¼ï¸",19168,18679,sa737343,"Freddy Peralta",NYM,SP,$22
990,"â€¼ï¸ NEW ACHIEVEMENT â€¼ï¸",14294,10954,sa548447,"Jacob DeGrom",TEX,SP,$21
990,"â€¼ï¸ NEW ACHIEVEMENT â€¼ï¸",18407,15986,sa736655,"Willy Adames",SFG,SS,$17
990,"â€¼ï¸ NEW ACHIEVEMENT â€¼ï¸",22655,18839,sa874243,"Josh Naylor",SEA,1B,$14
990,"â€¼ï¸ NEW ACHIEVEMENT â€¼ï¸",23834,22515,sa3004693,"Heliot Ramos",SFG,OF,$12
990,"â€¼ï¸ NEW ACHIEVEMENT â€¼ï¸",31194,17277,sa659551,"Ranger Suarez",BOS,SP,$11
990,"â€¼ï¸ NEW ACHIEVEMENT â€¼ï¸",44147,33390,sa3022757,"Bryce Eldridge",SFG,1B,$8
990,"â€¼ï¸ NEW ACHIEVEMENT â€¼ï¸",33949,24816,sa3005625,"Andy Pages",LAD,OF,$7
990,"â€¼ï¸ NEW ACHIEVEMENT â€¼ï¸",45714,35108,sa3025358,"Cam Smith",HOU,OF,$7
990,"â€¼ï¸ NEW ACHIEVEMENT â€¼ï¸",20900,16609,sa828588,"Bryan Abreu",HOU,RP,$7
990,"â€¼ï¸ NEW ACHIEVEMENT â€¼ï¸",42741,,sa3020707,"Robby Snelling","MIA ST",SP,$6
990,"â€¼ï¸ NEW ACHIEVEMENT â€¼ï¸",38781,27914,sa3015122,"Daniel Palencia",CHC,RP,$6
990,"â€¼ï¸ NEW ACHIEVEMENT â€¼ï¸",40861,30113,sa3017933,"Chad Patrick",MIL,SP,$6
990,"â€¼ï¸ NEW ACHIEVEMENT â€¼ï¸",44534,33850,sa3023499,"Brandon Sproat",MIL,SP/RP,$5
990,"â€¼ï¸ NEW ACHIEVEMENT â€¼ï¸",43589,32095,sa3021981,"Cam Schlittler",NYY,SP,$5
990,"â€¼ï¸ NEW ACHIEVEMENT â€¼ï¸",23796,20437,sa3004259,"Royce Lewis",MIN,3B,$5
990,"â€¼ï¸ NEW ACHIEVEMENT â€¼ï¸",18162,14221,sa658226,"Jorge Soler",LAA,OF,$4
990,"â€¼ï¸ NEW ACHIEVEMENT â€¼ï¸",40155,30146,sa3018053,"Jack Leiter",TEX,SP,$3
990,"â€¼ï¸ NEW ACHIEVEMENT â€¼ï¸",42592,31687,sa3020469,"Shane Smith",CHW,SP,$3
990,"â€¼ï¸ NEW ACHIEVEMENT â€¼ï¸",31572,19901,sa829797,"Gavin Sheets",SDP,1B/OF,$3
990,"â€¼ï¸ NEW ACHIEVEMENT â€¼ï¸",26292,23003,sa3003386,"Yainer Diaz",HOU,C,$3
990,"â€¼ï¸ NEW ACHIEVEMENT â€¼ï¸",44248,,sa3022923,"Colt Emerson","SEA ST",SS,$2
990,"â€¼ï¸ NEW ACHIEVEMENT â€¼ï¸",41180,,sa3018429,"Michael Arroyo","SEA ST",2B,$2
990,"â€¼ï¸ NEW ACHIEVEMENT â€¼ï¸",38404,27479,sa3014506,"Masyn Winn",STL,SS,$2
990,"â€¼ï¸ NEW ACHIEVEMENT â€¼ï¸",38317,27562,sa3014440,"Austin Wells",NYY,C,$2
990,"â€¼ï¸ NEW ACHIEVEMENT â€¼ï¸",23752,19953,sa917926,"Josh Lowe",LAA,OF,$2
990,"â€¼ï¸ NEW ACHIEVEMENT â€¼ï¸",46289,,sa3042374,"Mike Sirota","LAD A+",OF,$1
990,"â€¼ï¸ NEW ACHIEVEMENT â€¼ï¸",45881,,sa3025360,"Kaelen Culpepper","MIN ST",SS,$1
990,"â€¼ï¸ NEW ACHIEVEMENT â€¼ï¸",45708,34979,sa3025168,"Christian Moore",LAA,2B,$1
990,"â€¼ï¸ NEW ACHIEVEMENT â€¼ï¸",33623,22263,sa3007017,"Nolan Gorman",STL,2B/3B,$1
990,"â€¼ï¸ NEW ACHIEVEMENT â€¼ï¸",38334,27473,sa3014421,"Cade Cavalli",WSN,SP,$1
990,"â€¼ï¸ NEW ACHIEVEMENT â€¼ï¸",40147,,sa3017022,"Joshua Baez","STL ST",OF,$1
990,"â€¼ï¸ NEW ACHIEVEMENT â€¼ï¸",47548,,sa3026235,"Aiva Arquette","MIA A+",SS,$1
997,"Tabula Rasa ğŸª¨",18549,19611,sa920245,"Vladimir Guerrero Jr.",TOR,1B,$48
997,"Tabula Rasa ğŸª¨",18284,13510,sa598784,"JosÃ© RamÃ­rez",CLE,3B,$47
997,"Tabula Rasa ğŸª¨",18546,18345,sa874240,"Kyle Tucker",LAD,OF,$44
997,"Tabula Rasa ğŸª¨",21015,17995,sa828873,"Logan Webb",SFG,SP,$31
997,"Tabula Rasa ğŸª¨",23767,19612,sa917949,"Bo Bichette",NYM,SS,$25
997,"Tabula Rasa ğŸª¨",39277,28806,sa3015704,"Jackson Chourio",MIL,OF,$22
997,"Tabula Rasa ğŸª¨",37201,25880,sa3010571,"Hunter Brown",HOU,SP,$19
997,"Tabula Rasa ğŸª¨",41042,30279,sa3018290,"Bryan Woo",SEA,SP,$18
997,"Tabula Rasa ğŸª¨",40142,29490,sa3016829,"Jackson Merrill",SDP,OF,$13
997,"Tabula Rasa ğŸª¨",42719,31872,sa3020860,"Cade Horton",CHC,SP,$9
997,"Tabula Rasa ğŸª¨",39288,28824,sa3015716,"Samuel Basallo",BAL,C/1B,$7
997,"Tabula Rasa ğŸª¨",45790,35456,sa3045705,"Trey Yesavage",TOR,SP/RP,$7
997,"Tabula Rasa ğŸª¨",22004,18036,sa857694,"Jake Cronenworth",SDP,1B/2B/SS,$6
997,"Tabula Rasa ğŸª¨",42279,31695,sa3019983,"Dylan Beavers",BAL,OF,$6
997,"Tabula Rasa ğŸª¨",20989,17722,sa828803,"Trevor Megill",MIL,RP,$6
997,"Tabula Rasa ğŸª¨",42176,32127,sa3021053,"Chase DeLauter",CLE,OF,$6
997,"Tabula Rasa ğŸª¨",35566,21455,sa3008128,"Kris Bubic",KCR,SP,$5
997,"Tabula Rasa ğŸª¨",45947,,sa3025452,"Carson Benge","NYM ST",OF,$5
997,"Tabula Rasa ğŸª¨",42193,31382,sa3019892,"Dalton Rushing",LAD,C,$4
997,"Tabula Rasa ğŸª¨",44348,33704,sa3023068,"C.J. Kayfus",CLE,1B/OF,$4
997,"Tabula Rasa ğŸª¨",44487,,sa3023268,"Thomas White","MIA ST",SP,$4
997,"Tabula Rasa ğŸª¨",38456,,sa3014693,"Emmanuel Rodriguez","MIN ST",OF,$4
997,"Tabula Rasa ğŸª¨",37531,26294,sa3011443,"Bryson Stott",PHI,2B/SS,$3
997,"Tabula Rasa ğŸª¨",44703,,sa3023635,"Jaxon Wiggins","CHC ST",SP,$3
997,"Tabula Rasa ğŸª¨",42582,31680,sa3020459,"Cole Young",SEA,2B/SS,$3
997,"Tabula Rasa ğŸª¨",23672,20039,sa969093,"Adrian Morejon",SDP,RP,$3
997,"Tabula Rasa ğŸª¨",37480,26151,sa1115829,"Kyle Stowers",MIA,OF,$3
997,"Tabula Rasa ğŸª¨",35181,24729,sa3007519,"Logan O'Hoppe",LAA,C,$2
997,"Tabula Rasa ğŸª¨",35300,23789,sa3007742,"Blaze Alexander",BAL,2B/3B,$2
997,"Tabula Rasa ğŸª¨",23720,15878,sa659185,"Miguel Andujar",SDP,3B/OF,$1
997,"Tabula Rasa ğŸª¨",38307,27474,sa3014430,"Max Meyer",MIA,SP,$1
997,"Tabula Rasa ğŸª¨",23808,19892,sa829595,"Pavin Smith",ARI,1B,$1
997,"Tabula Rasa ğŸª¨",23809,22275,sa915698,"Jake Burger",TEX,1B,$1
997,"Tabula Rasa ğŸª¨",27723,11861,sa548332,"Jason Adam",SDP,RP,$1
997,"Tabula Rasa ğŸª¨",31623,19260,sa857756,"Jake Fraley",TBR,OF,$1
997,"Tabula Rasa ğŸª¨",33679,19899,sa3007582,"Clarke Schmidt",NYY,SP,$1
997,"Tabula Rasa ğŸª¨",34396,24017,sa3006373,"Jose A. Ferrer",SEA,RP,$1
997,"Tabula Rasa ğŸª¨",40284,29592,sa3017019,"Connor Norby",MIA,3B,$1
997,"Tabula Rasa ğŸª¨",40181,29514,sa3016863,"River Ryan",LAD,RP,$1
997,"Tabula Rasa ğŸª¨",35928,21626,sa876060,"Griffin Conine",MIA,OF,$1
997,"Tabula Rasa ğŸª¨",18375,16944,sa828669,"Grant Holmes",ATL,SP,$1
1006,"Duck Sauce ğŸ¦†ğŸœ",23717,20123,sa906282,"Juan Soto",NYM,OF,$78
1006,"Duck Sauce ğŸ¦†ğŸœ",14893,11477,sa548190,"Christian Yelich",MIL,OF,$27
1006,"Duck Sauce ğŸ¦†ğŸœ",14393,10603,sa392121,"Chris Sale",ATL,SP,$25
1006,"Duck Sauce ğŸ¦†ğŸœ",38312,27463,,"Garrett Crochet",BOS,SP,$20
1006,"Duck Sauce ğŸ¦†ğŸœ",40862,31757,sa3017934,"Mason Miller",SDP,RP,$18
1006,"Duck Sauce ğŸ¦†ğŸœ",39108,28163,sa3015532,"Junior Caminero",TBR,3B,$17
1006,"Duck Sauce ğŸ¦†ğŸœ",18397,16556,sa830219,"Ozzie Albies",ATL,2B,$15
1006,"Duck Sauce ğŸ¦†ğŸœ",37094,27676,sa1115762,"Vinnie Pasquantino",KCR,1B,$13
1006,"Duck Sauce ğŸ¦†ğŸœ",26198,22799,sa3003290,"Geraldo Perdomo",ARI,SS,$13
1006,"Duck Sauce ğŸ¦†ğŸœ",38398,27815,sa3014499,"Jordan Westburg",BAL,2B/3B,$11
1006,"Duck Sauce ğŸ¦†ğŸœ",19398,15454,sa737889,"Nick Pivetta",SDP,SP,$11
1006,"Duck Sauce ğŸ¦†ğŸœ",44515,33666,sa3023308,"Connelly Early",BOS,SP/RP,$10
1006,"Duck Sauce ğŸ¦†ğŸœ",34817,24598,sa3006910,"Addison Barger",TOR,3B/OF,$8
1006,"Duck Sauce ğŸ¦†ğŸœ",38754,27867,sa3015086,"Cade Smith",CLE,RP,$8
1006,"Duck Sauce ğŸ¦†ğŸœ",26099,20599,sa3003191,"Ivan Herrera",STL,C,$7
1006,"Duck Sauce ğŸ¦†ğŸœ",44336,33703,sa3023053,"Nolan McLean",NYM,SP,$6
1006,"Duck Sauce ğŸ¦†ğŸœ",44308,33644,sa3023011,"Kristian Campbell",BOS,1B/2B/OF,$5
1006,"Duck Sauce ğŸ¦†ğŸœ",38368,27615,sa3014466,"Alec Burleson",STL,1B/OF,$5
1006,"Duck Sauce ğŸ¦†ğŸœ",42653,31827,sa3020570,"Zebby Matthews",MIN,SP,$5
1006,"Duck Sauce ğŸ¦†ğŸœ",45064,,sa3024108,"Jesus Made","MIL ST",SS,$5
1006,"Duck Sauce ğŸ¦†ğŸœ",36669,25816,sa3010329,"Shea Langeliers",ATH,C,$5
1006,"Duck Sauce ğŸ¦†ğŸœ",42723,31838,,"Kodai Senga",NYM,SP,$5
1006,"Duck Sauce ğŸ¦†ğŸœ",23814,19427,sa873698,"Shane Bieber",TOR,SP,$5
1006,"Duck Sauce ğŸ¦†ğŸœ",41865,,sa3019390,"Carlos Lagrange","NYY ST",SP,$4
1006,"Duck Sauce ğŸ¦†ğŸœ",31951,19569,sa915715,"David Bednar",NYY,RP,$4
1006,"Duck Sauce ğŸ¦†ğŸœ",45769,,sa3065496,"Konnor Griffin","PIT ST",SS,$4
1006,"Duck Sauce ğŸ¦†ğŸœ",43841,32157,sa3022324,"Jonah Tong",NYM,SP,$4
1006,"Duck Sauce ğŸ¦†ğŸœ",44539,,sa3023363,"Leo De Vries","ATH ST",SS,$3
1006,"Duck Sauce ğŸ¦†ğŸœ",44223,,sa3022895,"Kevin McGonigle","DET ST",SS,$3
1006,"Duck Sauce ğŸ¦†ğŸœ",45018,,sa3023987,"Rainiel Rodriguez","STL ST",C,$3
1006,"Duck Sauce ğŸ¦†ğŸœ",45789,,sa3025261,"Ryan Waldschmidt","ARI ST",OF,$3
1006,"Duck Sauce ğŸ¦†ğŸœ",36539,26944,sa3009613,"Edgardo Henriquez",LAD,RP,$3
1006,"Duck Sauce ğŸ¦†ğŸœ",23818,19574,sa917955,"JoJo Romero",STL,RP,$3
1006,"Duck Sauce ğŸ¦†ğŸœ",38328,27468,sa3014425,"Reid Detmers",LAA,RP,$3
1006,"Duck Sauce ğŸ¦†ğŸœ",38378,28312,sa3014479,"Coby Mayo",BAL,1B,$3
1006,"Duck Sauce ğŸ¦†ğŸœ",18547,18564,sa874246,"Trent Grisham",NYY,OF,$3
1006,"Duck Sauce ğŸ¦†ğŸœ",42175,,sa3020134,"Jett Williams","MIL ST",2B/SS/OF,$3
1006,"Duck Sauce ğŸ¦†ğŸœ",42358,31505,sa3020130,"Sal Stewart",CIN,1B/3B,$3
1006,"Duck Sauce ğŸ¦†ğŸœ",38397,29608,sa3014498,"Joe Boyle",TBR,SP,$1
1006,"Duck Sauce ğŸ¦†ğŸœ",44015,,sa3022562,"Kemp Alderman","MIA ST",OF,$1
1028,"Grumble Grumble",18386,14344,sa657863,"Matt Olson",ATL,1B,$38
1028,"Grumble Grumble",18460,13543,sa597786,"Blake Snell",LAD,SP,$33
1028,"Grumble Grumble",22674,18360,sa874756,"Austin Riley",ATL,3B,$26
1028,"Grumble Grumble",33647,21483,sa3008547,"Shane McClanahan","TBR ST",SP/RP,$26
1028,"Grumble Grumble",45716,35110,sa3025385,"Nick Kurtz",ATH,1B,$24
1028,"Grumble Grumble",33654,21534,sa3008377,"Cal Raleigh",SEA,C,$24
1028,"Grumble Grumble",21052,18525,sa829000,"Dylan Cease",TOR,SP,$22
1028,"Grumble Grumble",19268,15816,sa737560,"Devin Williams",NYM,RP,$18
1028,"Grumble Grumble",36922,25768,sa3010152,"CJ Abrams",WSN,SS,$15
1028,"Grumble Grumble",42126,31781,sa3020241,"Jackson Holliday",BAL,2B/SS,$14
1028,"Grumble Grumble",18391,14212,sa658473,"Josh Hader",HOU,RP,$13
1028,"Grumble Grumble",23794,22264,sa3004765,"Shane Baz",BAL,SP,$12
1028,"Grumble Grumble",35824,24610,sa3008536,"Steven Kwan",CLE,OF,$12
1028,"Grumble Grumble",20435,17998,sa827454,"Pete Fairbanks",MIA,RP,$11
1028,"Grumble Grumble",23792,20220,sa3004837,"Jo Adell",LAA,OF,$11
1028,"Grumble Grumble",33645,22266,sa3007018,"Xavier Edwards",MIA,2B/SS,$9
1028,"Grumble Grumble",31438,20253,sa738570,"Griffin Jax",TBR,RP,$7
1028,"Grumble Grumble",23779,19291,sa857550,"Zac Gallen",ARI,SP,$7
1028,"Grumble Grumble",40266,30038,sa3017795,"Carson Williams",TBR,SS,$7
1028,"Grumble Grumble",45709,,sa3025129,"Travis Bazzana","CLE ST",2B,$6
1028,"Grumble Grumble",33619,21523,sa3008178,"Jonathan India",KCR,2B/3B/OF,$6
1028,"Grumble Grumble",18493,17282,sa828680,"Michael Kopech",FA,RP,$5
1028,"Grumble Grumble",18619,15009,sa708446,"Kyle Finnegan",DET,RP,$5
1028,"Grumble Grumble",38366,27475,sa3014464,"Jordan Walker",STL,OF,$5
1028,"Grumble Grumble",19394,14771,sa737885,"Emilio Pagan",CIN,RP,$5
1028,"Grumble Grumble",23639,19956,sa917920,"Mickey Moniak",COL,OF,$4
1028,"Grumble Grumble",23813,19361,sa873673,"Corbin Burnes",ARI,SP,$4
1028,"Grumble Grumble",42416,31912,sa3020219,"Chandler Simpson",TBR,OF,$4
1028,"Grumble Grumble",33620,25377,sa3008613,"Brady Singer",CIN,SP,$3
1028,"Grumble Grumble",40298,29622,sa3017047,"Sal Frelick",MIL,OF,$3
1028,"Grumble Grumble",42621,,sa3020498,"Xavier Isaac","TBR ST",Util,$2
1028,"Grumble Grumble",18380,16918,sa599729,"Luke Weaver",NYM,RP,$2
1028,"Grumble Grumble",14864,11739,sa548255,"J.T. Realmuto",PHI,C,$1
1028,"Grumble Grumble",36683,27647,sa3010868,"Anthony Volpe",NYY,SS,$1
1028,"Grumble Grumble",35367,22543,sa3007839,"Taj Bradley",MIN,SP,$1
1028,"Grumble Grumble",18516,18363,sa828409,"Victor Robles",SEA,OF,$1
1028,"Grumble Grumble",22616,17929,sa873639,"Cedric Mullins",TBR,OF,$1
1028,"Grumble Grumble",23660,19343,sa738675,"A.J. Puk",ARI,RP,$1
1028,"Grumble Grumble",23144,17677,sa876019,"Jeffrey Springs",ATH,SP,$1
1028,"Grumble Grumble",6175,9073,sa505235,"Kirby Yates",LAA,RP,$1
1042,"McAuliffe Numbers",23795,19556,sa943524,"Yordan Alvarez",HOU,OF,$58
1042,"McAuliffe Numbers",14982,11579,sa548033,"Bryce Harper",PHI,1B,$47
1042,"McAuliffe Numbers",18368,16252,sa599179,"Trea Turner",PHI,SS,$32
1042,"McAuliffe Numbers",14934,11493,sa548155,"Manny Machado",SDP,3B,$31
1042,"McAuliffe Numbers",5918,5417,sa455591,"Jose Altuve",HOU,2B/OF,$22
1042,"McAuliffe Numbers",23654,19197,sa873265,"Will Smith",LAD,C,$21
1042,"McAuliffe Numbers",40188,29518,sa3016870,"James Wood",WSN,OF,$18
1042,"McAuliffe Numbers",37257,26288,sa3011643,"Adley Rutschman",BAL,C,$14
1042,"McAuliffe Numbers",42409,31812,sa3020211,"Roman Anthony",BOS,OF,$14
1042,"McAuliffe Numbers",18517,16578,sa823741,"Yandy Diaz",TBR,1B,$12
1042,"McAuliffe Numbers",27058,23772,sa3005082,"Wilyer Abreu",BOS,OF,$10
1042,"McAuliffe Numbers",18487,16997,sa830372,"Gleyber Torres",DET,2B,$10
1042,"McAuliffe Numbers",44524,33824,sa3012640,"Jung Hoo Lee",SFG,OF,$10
1042,"McAuliffe Numbers",45706,35333,sa3028086,"Chase Burns",CIN,SP/RP,$10
1042,"McAuliffe Numbers",35874,24586,sa3008605,"Kyle Bradish",BAL,SP,$9
1042,"McAuliffe Numbers",38559,27768,sa3014807,"Eury Perez",MIA,SP,$8
1042,"McAuliffe Numbers",38361,27863,sa3014459,"Jared Jones",PIT,RP,$7
1042,"McAuliffe Numbers",35922,25385,sa829799,"Drew Rasmussen",TBR,SP,$6
1042,"McAuliffe Numbers",43932,33189,sa3022430,"Nolan Schanuel",LAA,1B,$5
1042,"McAuliffe Numbers",46310,35466,sa3043900,"Payton Tolle",BOS,SP/RP,$5
1042,"McAuliffe Numbers",33548,20391,sa962605,"Luis GarcÃ­a Jr.",WSN,2B,$5
1042,"McAuliffe Numbers",43893,,sa3022683,"Max Clark","DET ST",OF,$4
1042,"McAuliffe Numbers",21075,17586,sa829027,"Tanner Scott",LAD,RP,$4
1042,"McAuliffe Numbers",18415,16400,sa696415,"Reynaldo Lopez",ATL,RP,$3
1042,"McAuliffe Numbers",35602,25327,sa3008177,"Abner Uribe",MIL,RP,$3
1042,"McAuliffe Numbers",19520,17170,sa738213,"Gabe Speier",SEA,RP,$3
1042,"McAuliffe Numbers",42713,31665,sa3020653,"Alex Freeland",LAD,2B/SS/3B,$3
1042,"McAuliffe Numbers",47533,,sa3030545,"Liam Doyle","STL AA",SP,$3
1042,"McAuliffe Numbers",41342,,sa3018591,"Josue De Paula","LAD ST",OF,$2
1042,"McAuliffe Numbers",32966,21224,sa918555,"Bailey Ober",MIN,SP,$2
1042,"McAuliffe Numbers",44052,,sa3022609,"Aidan Miller","PHI ST",SS,$2
1042,"McAuliffe Numbers",35532,25007,sa3008070,"Alex Vesia",LAD,RP,$2
1042,"McAuliffe Numbers",27074,23590,sa3005122,"Ben Brown",CHC,SP/RP,$1
1042,"McAuliffe Numbers",37113,,sa1169792,"Ryan Ward","LAD ST",1B/OF,$1
1042,"McAuliffe Numbers",32871,19742,sa918438,"Anthony Bender",MIA,RP,$1
1042,"McAuliffe Numbers",40820,30076,sa3017869,"Landen Roupp",SFG,SP,$1
1042,"McAuliffe Numbers",33651,22514,sa3007634,"Triston Casas",BOS,1B,$1
1042,"McAuliffe Numbers",37797,26368,sa3011642,"JJ Bleday",CIN,OF,$1
1042,"McAuliffe Numbers",37674,26231,sa3011295,"Tyler Holton",DET,SP/RP,$1
1042,"McAuliffe Numbers",37202,27691,sa3010572,"Louis Varland",TOR,RP,$1
1042,"McAuliffe Numbers",43966,33322,sa3022615,"Matt Shaw",CHC,3B,$1
1058,"Seven Sneeze Army",18344,17350,sa828312,"Rafael Devers",SFG,1B,$45
1058,"Seven Sneeze Army",18276,13611,sa597889,"Mookie Betts",LAD,SS,$41
1058,"Seven Sneeze Army",18466,13613,sa597026,"Ketel Marte",ARI,2B,$40
1058,"Seven Sneeze Army",23859,19251,sa873981,"Pete Alonso",BAL,1B,$36
1058,"Seven Sneeze Army",22426,17295,sa873146,"Framber Valdez",DET,SP,$32
1058,"Seven Sneeze Army",43896,33333,sa3022654,"Wyatt Langford",TEX,OF,$23
1058,"Seven Sneeze Army",23601,14710,sa657938,"Edwin Diaz",LAD,RP,$20
1058,"Seven Sneeze Army",37295,25931,sa3010684,"Michael Harris II",ATL,OF,$18
1058,"Seven Sneeze Army",9335,9132,sa455169,"Nathan Eovaldi",TEX,SP,$14
1058,"Seven Sneeze Army",34619,24679,sa3006675,"Brendan Donovan",SEA,2B/SS/OF,$13
1058,"Seven Sneeze Army",38327,27769,sa3014458,"Pete Crow-Armstrong",CHC,OF,$12
1058,"Seven Sneeze Army",18124,12856,sa526414,"George Springer",TOR,OF,$10
1058,"Seven Sneeze Army",23810,22201,sa3005068,"MacKenzie Gore",TEX,SP,$10
1058,"Seven Sneeze Army",37427,26121,sa3010862,"Francisco Alvarez",NYM,C,$9
1058,"Seven Sneeze Army",23693,16162,sa597893,"Brandon Woodruff",MIL,SP,$8
1058,"Seven Sneeze Army",5644,10233,sa523977,"Aroldis Chapman",BOS,RP,$8
1058,"Seven Sneeze Army",13217,13152,sa548087,"Jorge Polanco",NYM,2B/3B,$7
1058,"Seven Sneeze Army",33670,23796,sa3008436,"Ryan Weathers",NYY,SP,$6
1058,"Seven Sneeze Army",20545,18568,sa828153,"Luis Arraez",SFG,1B/2B,$6
1058,"Seven Sneeze Army",26882,22532,sa3004755,"Tyler Freeman",COL,2B/OF,$5
1058,"Seven Sneeze Army",33907,24262,sa3005581,"Ceddanne Rafaela",BOS,2B/OF,$3
1058,"Seven Sneeze Army",42428,,sa3020240,"Justin Crawford","PHI ST",OF,$3
1058,"Seven Sneeze Army",30196,19249,sa657573,"Seranthony Dominguez",CHW,RP,$3
1058,"Seven Sneeze Army",17763,11156,sa552177,"Merrill Kelly",ARI,SP,$3
1058,"Seven Sneeze Army",34601,21454,sa3006649,"Lars Nootbaar",STL,OF,$3
1058,"Seven Sneeze Army",42354,,sa3020126,"Ryan Clifford","NYM ST",1B/OF,$2
1058,"Seven Sneeze Army",14914,11737,sa548164,"Nick Castellanos",SDP,OF,$1
1058,"Seven Sneeze Army",10429,12095,sa506959,"Yimi Garcia",TOR,RP,$1
1058,"Seven Sneeze Army",22654,17988,sa874242,"Tyler Stephenson",CIN,C,$1
1058,"Seven Sneeze Army",32051,21992,sa916835,"Camilo Doval",NYY,RP,$1
1058,"Seven Sneeze Army",27995,12828,sa577676,"Andrew Kittredge",BAL,RP,$1
1058,"Seven Sneeze Army",18328,15112,sa737539,"Ryan McMahon",NYY,3B,$1
1058,"Seven Sneeze Army",18357,16149,sa599230,"Aaron Nola",PHI,SP,$1
1058,"Seven Sneeze Army",23723,21844,sa917923,"Braxton Garrett",MIA,RP,$1
1058,"Seven Sneeze Army",20936,17594,sa828700,"Mitch Keller",PIT,SP,$1
1058,"Seven Sneeze Army",21961,17920,sa856266,"Cody Ponce",TOR,RP,$1
1058,"Seven Sneeze Army",22809,18064,sa875251,"Phil Maton",CHC,RP,$1
1058,"Seven Sneeze Army",23679,18655,sa659284,"A.J. Minter",NYM,RP,$1
